<?xml version="1.0" encoding="UTF-8"?>
<project-private xmlns="http://www.netbeans.org/ns/project-private/1">
    <editor-bookmarks xmlns="http://www.netbeans.org/ns/editor-bookmarks/2" lastBookmarkId="0"/>
    <open-files xmlns="http://www.netbeans.org/ns/projectui-open-files/2">
        <group>
            <file>file:/E:/poke-batalla-itsur-fjml-main/src/mx/edu/itsur/pokebatalla/model/Squirtle.java</file>
            <file>file:/E:/poke-batalla-itsur-fjml-main/src/mx/edu/itsur/pokebatalla/model/Pikachu.java</file>
            <file>file:/E:/poke-batalla-itsur-fjml-main/src/mx/edu/itsur/pokebatalla/model/Dragonite.java</file>
            <file>file:/E:/poke-batalla-itsur-fjml-main/src/mx/edu/itsur/pokebatalla/model/Pokemon.java</file>
            <file>file:/E:/poke-batalla-itsur-fjml-main/src/mx/edu/itsur/pokebatalla/model/Clefairy.java</file>
            <file>file:/E:/poke-batalla-itsur-fjml-main/src/mx/edu/itsur/pokebatalla/Main.java</file>
            <file>file:/E:/poke-batalla-itsur-fjml-main/src/mx/edu/itsur/pokebatalla/model/Bullbasaur.java</file>
        </group>
    </open-files>
</project-private>
